series,samplePointCount,sourceFile,year,month,monthName,temperatureC,precipitationMm,validTemperaturePointCount,validRainfallPointCount
australia,396,,2020,1,Jan,29.1,89.9,176,176
australia,396,,2020,2,Feb,28.2,84.2,176,176
australia,396,,2020,3,Mar,26.0,50.5,176,176
australia,396,,2020,4,Apr,23.7,23.9,176,176
australia,396,,2020,5,May,17.3,21.4,176,176
australia,396,,2020,6,Jun,15.9,10.9,176,176
australia,396,,2020,7,Jul,15.0,12.8,176,176
australia,396,,2020,8,Aug,17.1,21.5,176,176
australia,396,,2020,9,Sep,21.6,18.2,176,176
australia,396,,2020,10,Oct,23.5,32.4,176,176
australia,396,,2020,11,Nov,27.7,18.4,176,176
australia,396,,2020,12,Dec,27.0,104.8,176,176
australia,396,,2021,1,Jan,28.0,80.8,176,176
australia,396,,2021,2,Feb,27.0,89.5,176,176
australia,396,,2021,3,Mar,25.6,79.7,176,176
australia,396,,2021,4,Apr,22.1,19.5,176,176
australia,396,,2021,5,May,18.4,18.7,176,176
australia,396,,2021,6,Jun,15.2,27.8,176,176
australia,396,,2021,7,Jul,15.8,23.3,176,176
australia,396,,2021,8,Aug,17.1,12.8,176,176
australia,396,,2021,9,Sep,20.0,15.3,176,176
australia,396,,2021,10,Oct,23.4,27.2,176,176
australia,396,,2021,11,Nov,24.4,74.6,176,176
australia,396,,2021,12,Dec,28.1,49.0,176,176
australia,396,,2022,1,Jan,28.9,106.9,176,176
australia,396,,2022,2,Feb,27.4,57.1,176,176
australia,396,,2022,3,Mar,27.0,46.2,176,176
australia,396,,2022,4,Apr,23.5,38.4,176,176
australia,396,,2022,5,May,18.9,41.4,176,176
australia,396,,2022,6,Jun,15.4,19.1,176,176
australia,396,,2022,7,Jul,13.9,23.7,176,176
australia,396,,2022,8,Aug,16.4,26.3,176,176
australia,396,,2022,9,Sep,19.6,35.8,176,176
australia,396,,2022,10,Oct,22.6,62.5,176,176
australia,396,,2022,11,Nov,23.9,60.4,176,176
australia,396,,2022,12,Dec,26.7,75.4,176,176
australia,396,,2023,1,Jan,27.8,115.8,176,176
australia,396,,2023,2,Feb,27.7,82.7,176,176
australia,396,,2023,3,Mar,26.5,60.0,176,176
australia,396,,2023,4,Apr,21.9,41.5,176,176
australia,396,,2023,5,May,16.9,8.3,176,176
australia,396,,2023,6,Jun,15.9,29.2,176,176
australia,396,,2023,7,Jul,15.2,22.9,176,176
australia,396,,2023,8,Aug,18.1,10.2,176,176
australia,396,,2023,9,Sep,21.5,5.5,176,176
australia,396,,2023,10,Oct,23.6,8.3,176,176
australia,396,,2023,11,Nov,26.7,46.6,176,176
australia,396,,2023,12,Dec,28.6,47.8,176,176
australia,396,,2024,1,Jan,29.4,126.4,176,176
australia,396,,2024,2,Feb,29.0,79.3,176,176
australia,396,,2024,3,Mar,26.4,121.7,176,176
australia,396,,2024,4,Apr,21.4,21.2,176,176
australia,396,,2024,5,May,18.9,20.2,176,176
australia,396,,2024,6,Jun,15.6,25.5,176,176
australia,396,,2024,7,Jul,14.7,21.5,176,176
australia,396,,2024,8,Aug,18.8,18.5,176,176
australia,396,,2024,9,Sep,20.9,21.9,176,176
australia,396,,2024,10,Oct,25.0,18.7,176,176
australia,396,,2024,11,Nov,26.9,51.2,176,176
australia,396,,2024,12,Dec,28.7,71.7,176,176
australia,396,,2025,1,Jan,29.9,56.7,176,176
australia,396,,2025,2,Feb,29.0,86.5,176,176
australia,396,,2025,3,Mar,27.8,97.9,176,176
australia,396,,2025,4,Apr,22.9,34.3,176,176
australia,396,,2025,5,May,18.7,23.9,176,176
australia,396,,2025,6,Jun,15.1,15.2,176,176
australia,396,,2025,7,Jul,14.5,25.1,176,176
australia,396,,2025,8,Aug,16.2,19.9,176,176
australia,396,,2025,9,Sep,20.1,15.5,176,176
australia,396,,2025,10,Oct,25.1,23.3,176,176
australia,396,,2025,11,Nov,25.7,46.2,176,176
australia,396,,2025,12,Dec,27.9,75.7,176,176
australia,396,,2026,1,Jan,29.6,77.8,176,176
australia,396,,2026,2,Feb,27.5,138.0,176,176
australia,396,,2026,3,Mar,25.7,110.3,176,176
australia,396,,2026,4,Apr,23.1,15.3,176,176
australia,396,,2026,5,May,18.4,27.9,176,176
australia,396,,2026,6,Jun,16.4,30.7,176,176
australia,396,,2026,7,Jul,15.1,14.7,176,176
common-brushtail-possum,300,cleaned_marsupials_maplibre_common-brushtail-possum.geojson,2020,1,Jan,23.7,75.7,299,299
common-brushtail-possum,300,cleaned_marsupials_maplibre_common-brushtail-possum.geojson,2020,2,Feb,22.1,299.3,299,299
common-brushtail-possum,300,cleaned_marsupials_maplibre_common-brushtail-possum.geojson,2020,3,Mar,19.5,116.1,299,299
common-brushtail-possum,300,cleaned_marsupials_maplibre_common-brushtail-possum.geojson,2020,4,Apr,17.2,59.7,299,299
common-brushtail-possum,300,cleaned_marsupials_maplibre_common-brushtail-possum.geojson,2020,5,May,13.1,73.6,299,299
common-brushtail-possum,300,cleaned_marsupials_maplibre_common-brushtail-possum.geojson,2020,6,Jun,11.6,53.4,299,299
common-brushtail-possum,300,cleaned_marsupials_maplibre_common-brushtail-possum.geojson,2020,7,Jul,11.1,131.4,299,299
common-brushtail-possum,300,cleaned_marsupials_maplibre_common-brushtail-possum.geojson,2020,8,Aug,11.4,75.9,299,299
common-brushtail-possum,300,cleaned_marsupials_maplibre_common-brushtail-possum.geojson,2020,9,Sep,14.9,38.2,299,299
common-brushtail-possum,300,cleaned_marsupials_maplibre_common-brushtail-possum.geojson,2020,10,Oct,17.4,106.8,299,299
common-brushtail-possum,300,cleaned_marsupials_maplibre_common-brushtail-possum.geojson,2020,11,Nov,20.0,51.1,299,299
common-brushtail-possum,300,cleaned_marsupials_maplibre_common-brushtail-possum.geojson,2020,12,Dec,20.4,132.6,299,299
common-brushtail-possum,300,cleaned_marsupials_maplibre_common-brushtail-possum.geojson,2021,1,Jan,21.6,91.5,299,299
common-brushtail-possum,300,cleaned_marsupials_maplibre_common-brushtail-possum.geojson,2021,2,Feb,21.0,107.1,299,299
common-brushtail-possum,300,cleaned_marsupials_maplibre_common-brushtail-possum.geojson,2021,3,Mar,19.4,291.5,299,299
common-brushtail-possum,300,cleaned_marsupials_maplibre_common-brushtail-possum.geojson,2021,4,Apr,16.3,28.1,299,299
common-brushtail-possum,300,cleaned_marsupials_maplibre_common-brushtail-possum.geojson,2021,5,May,13.8,74.0,299,299
common-brushtail-possum,300,cleaned_marsupials_maplibre_common-brushtail-possum.geojson,2021,6,Jun,11.2,74.4,299,299
common-brushtail-possum,300,cleaned_marsupials_maplibre_common-brushtail-possum.geojson,2021,7,Jul,10.7,48.8,299,299
common-brushtail-possum,300,cleaned_marsupials_maplibre_common-brushtail-possum.geojson,2021,8,Aug,12.1,64.7,299,299
common-brushtail-possum,300,cleaned_marsupials_maplibre_common-brushtail-possum.geojson,2021,9,Sep,14.1,51.0,299,299
common-brushtail-possum,300,cleaned_marsupials_maplibre_common-brushtail-possum.geojson,2021,10,Oct,16.2,72.6,299,299
common-brushtail-possum,300,cleaned_marsupials_maplibre_common-brushtail-possum.geojson,2021,11,Nov,17.5,168.6,299,299
common-brushtail-possum,300,cleaned_marsupials_maplibre_common-brushtail-possum.geojson,2021,12,Dec,20.2,94.7,299,299
common-brushtail-possum,300,cleaned_marsupials_maplibre_common-brushtail-possum.geojson,2022,1,Jan,22.7,129.4,299,299
common-brushtail-possum,300,cleaned_marsupials_maplibre_common-brushtail-possum.geojson,2022,2,Feb,21.2,210.9,299,299
common-brushtail-possum,300,cleaned_marsupials_maplibre_common-brushtail-possum.geojson,2022,3,Mar,20.1,374.2,299,299
common-brushtail-possum,300,cleaned_marsupials_maplibre_common-brushtail-possum.geojson,2022,4,Apr,17.6,158.8,299,299
common-brushtail-possum,300,cleaned_marsupials_maplibre_common-brushtail-possum.geojson,2022,5,May,14.3,111.0,299,299
common-brushtail-possum,300,cleaned_marsupials_maplibre_common-brushtail-possum.geojson,2022,6,Jun,10.6,25.8,299,299
common-brushtail-possum,300,cleaned_marsupials_maplibre_common-brushtail-possum.geojson,2022,7,Jul,10.7,235.8,299,299
common-brushtail-possum,300,cleaned_marsupials_maplibre_common-brushtail-possum.geojson,2022,8,Aug,12.2,63.6,299,299
common-brushtail-possum,300,cleaned_marsupials_maplibre_common-brushtail-possum.geojson,2022,9,Sep,13.7,110.0,299,299
common-brushtail-possum,300,cleaned_marsupials_maplibre_common-brushtail-possum.geojson,2022,10,Oct,16.3,175.9,299,299
common-brushtail-possum,300,cleaned_marsupials_maplibre_common-brushtail-possum.geojson,2022,11,Nov,17.0,65.8,299,299
common-brushtail-possum,300,cleaned_marsupials_maplibre_common-brushtail-possum.geojson,2022,12,Dec,18.9,43.3,299,299
common-brushtail-possum,300,cleaned_marsupials_maplibre_common-brushtail-possum.geojson,2023,1,Jan,21.7,107.8,299,299
common-brushtail-possum,300,cleaned_marsupials_maplibre_common-brushtail-possum.geojson,2023,2,Feb,22.0,94.0,299,299
common-brushtail-possum,300,cleaned_marsupials_maplibre_common-brushtail-possum.geojson,2023,3,Mar,21.3,77.5,299,299
common-brushtail-possum,300,cleaned_marsupials_maplibre_common-brushtail-possum.geojson,2023,4,Apr,16.5,96.4,299,299
common-brushtail-possum,300,cleaned_marsupials_maplibre_common-brushtail-possum.geojson,2023,5,May,12.4,38.9,299,299
common-brushtail-possum,300,cleaned_marsupials_maplibre_common-brushtail-possum.geojson,2023,6,Jun,11.5,33.7,299,299
common-brushtail-possum,300,cleaned_marsupials_maplibre_common-brushtail-possum.geojson,2023,7,Jul,11.7,26.5,299,299
common-brushtail-possum,300,cleaned_marsupials_maplibre_common-brushtail-possum.geojson,2023,8,Aug,12.7,47.6,299,299
common-brushtail-possum,300,cleaned_marsupials_maplibre_common-brushtail-possum.geojson,2023,9,Sep,15.6,21.2,299,299
common-brushtail-possum,300,cleaned_marsupials_maplibre_common-brushtail-possum.geojson,2023,10,Oct,17.3,46.5,299,299
common-brushtail-possum,300,cleaned_marsupials_maplibre_common-brushtail-possum.geojson,2023,11,Nov,19.5,115.3,299,299
common-brushtail-possum,300,cleaned_marsupials_maplibre_common-brushtail-possum.geojson,2023,12,Dec,22.2,103.5,299,299
common-brushtail-possum,300,cleaned_marsupials_maplibre_common-brushtail-possum.geojson,2024,1,Jan,23.0,109.0,299,299
common-brushtail-possum,300,cleaned_marsupials_maplibre_common-brushtail-possum.geojson,2024,2,Feb,22.9,91.5,299,299
common-brushtail-possum,300,cleaned_marsupials_maplibre_common-brushtail-possum.geojson,2024,3,Mar,21.2,41.9,299,299
common-brushtail-possum,300,cleaned_marsupials_maplibre_common-brushtail-possum.geojson,2024,4,Apr,17.1,168.3,299,299
common-brushtail-possum,300,cleaned_marsupials_maplibre_common-brushtail-possum.geojson,2024,5,May,14.1,130.4,299,299
common-brushtail-possum,300,cleaned_marsupials_maplibre_common-brushtail-possum.geojson,2024,6,Jun,10.9,151.0,299,299
common-brushtail-possum,300,cleaned_marsupials_maplibre_common-brushtail-possum.geojson,2024,7,Jul,10.8,68.0,299,299
common-brushtail-possum,300,cleaned_marsupials_maplibre_common-brushtail-possum.geojson,2024,8,Aug,13.9,42.5,299,299
common-brushtail-possum,300,cleaned_marsupials_maplibre_common-brushtail-possum.geojson,2024,9,Sep,14.8,52.1,299,299
common-brushtail-possum,300,cleaned_marsupials_maplibre_common-brushtail-possum.geojson,2024,10,Oct,16.8,43.2,299,299
common-brushtail-possum,300,cleaned_marsupials_maplibre_common-brushtail-possum.geojson,2024,11,Nov,20.6,88.4,299,299
common-brushtail-possum,300,cleaned_marsupials_maplibre_common-brushtail-possum.geojson,2024,12,Dec,22.6,49.2,299,299
common-brushtail-possum,300,cleaned_marsupials_maplibre_common-brushtail-possum.geojson,2025,1,Jan,22.4,135.0,299,299
common-brushtail-possum,300,cleaned_marsupials_maplibre_common-brushtail-possum.geojson,2025,2,Feb,22.5,56.7,299,299
common-brushtail-possum,300,cleaned_marsupials_maplibre_common-brushtail-possum.geojson,2025,3,Mar,21.9,130.0,299,299
common-brushtail-possum,300,cleaned_marsupials_maplibre_common-brushtail-possum.geojson,2025,4,Apr,18.4,100.3,299,299
common-brushtail-possum,300,cleaned_marsupials_maplibre_common-brushtail-possum.geojson,2025,5,May,14.9,184.1,299,299
common-brushtail-possum,300,cleaned_marsupials_maplibre_common-brushtail-possum.geojson,2025,6,Jun,10.7,32.7,299,299
common-brushtail-possum,300,cleaned_marsupials_maplibre_common-brushtail-possum.geojson,2025,7,Jul,10.8,113.2,299,299
common-brushtail-possum,300,cleaned_marsupials_maplibre_common-brushtail-possum.geojson,2025,8,Aug,11.9,194.9,299,299
common-brushtail-possum,300,cleaned_marsupials_maplibre_common-brushtail-possum.geojson,2025,9,Sep,15.0,73.8,299,299
common-brushtail-possum,300,cleaned_marsupials_maplibre_common-brushtail-possum.geojson,2025,10,Oct,18.3,32.6,299,299
common-brushtail-possum,300,cleaned_marsupials_maplibre_common-brushtail-possum.geojson,2025,11,Nov,19.4,58.2,299,299
common-brushtail-possum,300,cleaned_marsupials_maplibre_common-brushtail-possum.geojson,2025,12,Dec,21.2,45.2,299,299
common-brushtail-possum,300,cleaned_marsupials_maplibre_common-brushtail-possum.geojson,2026,1,Jan,22.9,113.1,299,299
common-brushtail-possum,300,cleaned_marsupials_maplibre_common-brushtail-possum.geojson,2026,2,Feb,22.9,90.0,299,299
common-brushtail-possum,300,cleaned_marsupials_maplibre_common-brushtail-possum.geojson,2026,3,Mar,21.0,105.2,299,299
common-brushtail-possum,300,cleaned_marsupials_maplibre_common-brushtail-possum.geojson,2026,4,Apr,17.4,24.3,299,299
common-brushtail-possum,300,cleaned_marsupials_maplibre_common-brushtail-possum.geojson,2026,5,May,15.5,113.9,299,299
common-brushtail-possum,300,cleaned_marsupials_maplibre_common-brushtail-possum.geojson,2026,6,Jun,13.1,54.4,299,299
common-brushtail-possum,300,cleaned_marsupials_maplibre_common-brushtail-possum.geojson,2026,7,Jul,11.4,48.7,299,299
common-ringtail-possum,300,cleaned_marsupials_maplibre_common-ringtail-possum.geojson,2020,1,Jan,23.4,78.2,300,300
common-ringtail-possum,300,cleaned_marsupials_maplibre_common-ringtail-possum.geojson,2020,2,Feb,22.1,343.9,300,300
common-ringtail-possum,300,cleaned_marsupials_maplibre_common-ringtail-possum.geojson,2020,3,Mar,19.7,132.3,300,300
common-ringtail-possum,300,cleaned_marsupials_maplibre_common-ringtail-possum.geojson,2020,4,Apr,17.7,61.0,300,300
common-ringtail-possum,300,cleaned_marsupials_maplibre_common-ringtail-possum.geojson,2020,5,May,13.7,94.0,300,300
common-ringtail-possum,300,cleaned_marsupials_maplibre_common-ringtail-possum.geojson,2020,6,Jun,12.1,63.7,300,300
common-ringtail-possum,300,cleaned_marsupials_maplibre_common-ringtail-possum.geojson,2020,7,Jul,11.8,150.0,300,300
common-ringtail-possum,300,cleaned_marsupials_maplibre_common-ringtail-possum.geojson,2020,8,Aug,12.0,81.3,300,300
common-ringtail-possum,300,cleaned_marsupials_maplibre_common-ringtail-possum.geojson,2020,9,Sep,15.4,38.9,300,300
common-ringtail-possum,300,cleaned_marsupials_maplibre_common-ringtail-possum.geojson,2020,10,Oct,17.7,113.4,300,300
common-ringtail-possum,300,cleaned_marsupials_maplibre_common-ringtail-possum.geojson,2020,11,Nov,20.0,55.8,300,300
common-ringtail-possum,300,cleaned_marsupials_maplibre_common-ringtail-possum.geojson,2020,12,Dec,20.3,127.3,300,300
common-ringtail-possum,300,cleaned_marsupials_maplibre_common-ringtail-possum.geojson,2021,1,Jan,21.6,96.7,300,300
common-ringtail-possum,300,cleaned_marsupials_maplibre_common-ringtail-possum.geojson,2021,2,Feb,20.9,102.7,300,300
common-ringtail-possum,300,cleaned_marsupials_maplibre_common-ringtail-possum.geojson,2021,3,Mar,19.6,334.8,300,300
common-ringtail-possum,300,cleaned_marsupials_maplibre_common-ringtail-possum.geojson,2021,4,Apr,16.8,32.0,300,300
common-ringtail-possum,300,cleaned_marsupials_maplibre_common-ringtail-possum.geojson,2021,5,May,14.4,79.2,300,300
common-ringtail-possum,300,cleaned_marsupials_maplibre_common-ringtail-possum.geojson,2021,6,Jun,11.7,79.0,300,300
common-ringtail-possum,300,cleaned_marsupials_maplibre_common-ringtail-possum.geojson,2021,7,Jul,11.3,47.9,300,300
common-ringtail-possum,300,cleaned_marsupials_maplibre_common-ringtail-possum.geojson,2021,8,Aug,12.7,72.6,300,300
common-ringtail-possum,300,cleaned_marsupials_maplibre_common-ringtail-possum.geojson,2021,9,Sep,14.7,55.5,300,300
common-ringtail-possum,300,cleaned_marsupials_maplibre_common-ringtail-possum.geojson,2021,10,Oct,16.6,71.1,300,300
common-ringtail-possum,300,cleaned_marsupials_maplibre_common-ringtail-possum.geojson,2021,11,Nov,17.6,160.8,300,300
common-ringtail-possum,300,cleaned_marsupials_maplibre_common-ringtail-possum.geojson,2021,12,Dec,20.3,95.9,300,300
common-ringtail-possum,300,cleaned_marsupials_maplibre_common-ringtail-possum.geojson,2022,1,Jan,22.8,129.8,300,300
common-ringtail-possum,300,cleaned_marsupials_maplibre_common-ringtail-possum.geojson,2022,2,Feb,21.4,269.6,300,300
common-ringtail-possum,300,cleaned_marsupials_maplibre_common-ringtail-possum.geojson,2022,3,Mar,20.2,457.3,300,300
common-ringtail-possum,300,cleaned_marsupials_maplibre_common-ringtail-possum.geojson,2022,4,Apr,17.9,199.0,300,300
common-ringtail-possum,300,cleaned_marsupials_maplibre_common-ringtail-possum.geojson,2022,5,May,14.7,129.0,300,300
common-ringtail-possum,300,cleaned_marsupials_maplibre_common-ringtail-possum.geojson,2022,6,Jun,11.1,30.3,300,300
common-ringtail-possum,300,cleaned_marsupials_maplibre_common-ringtail-possum.geojson,2022,7,Jul,11.3,297.7,300,300
common-ringtail-possum,300,cleaned_marsupials_maplibre_common-ringtail-possum.geojson,2022,8,Aug,12.8,65.2,300,300
common-ringtail-possum,300,cleaned_marsupials_maplibre_common-ringtail-possum.geojson,2022,9,Sep,14.1,107.9,300,300
common-ringtail-possum,300,cleaned_marsupials_maplibre_common-ringtail-possum.geojson,2022,10,Oct,16.6,198.0,300,300
common-ringtail-possum,300,cleaned_marsupials_maplibre_common-ringtail-possum.geojson,2022,11,Nov,17.3,66.6,300,300
common-ringtail-possum,300,cleaned_marsupials_maplibre_common-ringtail-possum.geojson,2022,12,Dec,19.1,46.0,300,300
common-ringtail-possum,300,cleaned_marsupials_maplibre_common-ringtail-possum.geojson,2023,1,Jan,21.5,126.9,300,300
common-ringtail-possum,300,cleaned_marsupials_maplibre_common-ringtail-possum.geojson,2023,2,Feb,22.0,121.9,300,300
common-ringtail-possum,300,cleaned_marsupials_maplibre_common-ringtail-possum.geojson,2023,3,Mar,21.5,69.8,300,300
common-ringtail-possum,300,cleaned_marsupials_maplibre_common-ringtail-possum.geojson,2023,4,Apr,16.9,112.2,300,300
common-ringtail-possum,300,cleaned_marsupials_maplibre_common-ringtail-possum.geojson,2023,5,May,12.9,48.8,300,300
common-ringtail-possum,300,cleaned_marsupials_maplibre_common-ringtail-possum.geojson,2023,6,Jun,12.1,35.3,300,300
common-ringtail-possum,300,cleaned_marsupials_maplibre_common-ringtail-possum.geojson,2023,7,Jul,12.4,28.8,300,300
common-ringtail-possum,300,cleaned_marsupials_maplibre_common-ringtail-possum.geojson,2023,8,Aug,13.2,60.0,300,300
common-ringtail-possum,300,cleaned_marsupials_maplibre_common-ringtail-possum.geojson,2023,9,Sep,16.0,26.4,300,300
common-ringtail-possum,300,cleaned_marsupials_maplibre_common-ringtail-possum.geojson,2023,10,Oct,17.6,48.8,300,300
common-ringtail-possum,300,cleaned_marsupials_maplibre_common-ringtail-possum.geojson,2023,11,Nov,19.5,116.8,300,300
common-ringtail-possum,300,cleaned_marsupials_maplibre_common-ringtail-possum.geojson,2023,12,Dec,22.1,108.3,300,300
common-ringtail-possum,300,cleaned_marsupials_maplibre_common-ringtail-possum.geojson,2024,1,Jan,22.9,114.7,300,300
common-ringtail-possum,300,cleaned_marsupials_maplibre_common-ringtail-possum.geojson,2024,2,Feb,22.8,103.8,300,300
common-ringtail-possum,300,cleaned_marsupials_maplibre_common-ringtail-possum.geojson,2024,3,Mar,21.3,40.5,300,300
common-ringtail-possum,300,cleaned_marsupials_maplibre_common-ringtail-possum.geojson,2024,4,Apr,17.5,204.5,300,300
common-ringtail-possum,300,cleaned_marsupials_maplibre_common-ringtail-possum.geojson,2024,5,May,14.6,156.3,300,300
common-ringtail-possum,300,cleaned_marsupials_maplibre_common-ringtail-possum.geojson,2024,6,Jun,11.5,204.3,300,300
common-ringtail-possum,300,cleaned_marsupials_maplibre_common-ringtail-possum.geojson,2024,7,Jul,11.4,78.6,300,300
common-ringtail-possum,300,cleaned_marsupials_maplibre_common-ringtail-possum.geojson,2024,8,Aug,14.4,41.3,300,300
common-ringtail-possum,300,cleaned_marsupials_maplibre_common-ringtail-possum.geojson,2024,9,Sep,15.4,57.1,300,300
common-ringtail-possum,300,cleaned_marsupials_maplibre_common-ringtail-possum.geojson,2024,10,Oct,17.0,47.5,300,300
common-ringtail-possum,300,cleaned_marsupials_maplibre_common-ringtail-possum.geojson,2024,11,Nov,20.7,95.4,300,300
common-ringtail-possum,300,cleaned_marsupials_maplibre_common-ringtail-possum.geojson,2024,12,Dec,22.6,48.4,300,300
common-ringtail-possum,300,cleaned_marsupials_maplibre_common-ringtail-possum.geojson,2025,1,Jan,22.3,151.0,300,300
common-ringtail-possum,300,cleaned_marsupials_maplibre_common-ringtail-possum.geojson,2025,2,Feb,22.5,57.9,300,300
common-ringtail-possum,300,cleaned_marsupials_maplibre_common-ringtail-possum.geojson,2025,3,Mar,22.0,135.9,300,300
common-ringtail-possum,300,cleaned_marsupials_maplibre_common-ringtail-possum.geojson,2025,4,Apr,18.8,110.4,300,300
common-ringtail-possum,300,cleaned_marsupials_maplibre_common-ringtail-possum.geojson,2025,5,May,15.4,208.2,300,300
common-ringtail-possum,300,cleaned_marsupials_maplibre_common-ringtail-possum.geojson,2025,6,Jun,11.3,32.5,300,300
common-ringtail-possum,300,cleaned_marsupials_maplibre_common-ringtail-possum.geojson,2025,7,Jul,11.4,133.4,300,300
common-ringtail-possum,300,cleaned_marsupials_maplibre_common-ringtail-possum.geojson,2025,8,Aug,12.4,259.8,300,300
common-ringtail-possum,300,cleaned_marsupials_maplibre_common-ringtail-possum.geojson,2025,9,Sep,15.6,98.0,300,300
common-ringtail-possum,300,cleaned_marsupials_maplibre_common-ringtail-possum.geojson,2025,10,Oct,18.7,35.6,300,300
common-ringtail-possum,300,cleaned_marsupials_maplibre_common-ringtail-possum.geojson,2025,11,Nov,19.6,60.7,300,300
common-ringtail-possum,300,cleaned_marsupials_maplibre_common-ringtail-possum.geojson,2025,12,Dec,21.3,45.4,300,300
common-ringtail-possum,300,cleaned_marsupials_maplibre_common-ringtail-possum.geojson,2026,1,Jan,22.6,132.3,300,300
common-ringtail-possum,300,cleaned_marsupials_maplibre_common-ringtail-possum.geojson,2026,2,Feb,22.8,102.4,300,300
common-ringtail-possum,300,cleaned_marsupials_maplibre_common-ringtail-possum.geojson,2026,3,Mar,21.1,129.2,300,300
common-ringtail-possum,300,cleaned_marsupials_maplibre_common-ringtail-possum.geojson,2026,4,Apr,17.7,31.0,300,300
common-ringtail-possum,300,cleaned_marsupials_maplibre_common-ringtail-possum.geojson,2026,5,May,16.0,120.9,300,300
common-ringtail-possum,300,cleaned_marsupials_maplibre_common-ringtail-possum.geojson,2026,6,Jun,13.7,58.0,300,300
common-ringtail-possum,300,cleaned_marsupials_maplibre_common-ringtail-possum.geojson,2026,7,Jul,12.1,66.1,300,300
common-wombat,300,cleaned_marsupials_maplibre_common-wombat.geojson,2020,1,Jan,21.3,65.3,300,300
common-wombat,300,cleaned_marsupials_maplibre_common-wombat.geojson,2020,2,Feb,19.8,196.2,300,300
common-wombat,300,cleaned_marsupials_maplibre_common-wombat.geojson,2020,3,Mar,16.9,83.1,300,300
common-wombat,300,cleaned_marsupials_maplibre_common-wombat.geojson,2020,4,Apr,14.3,87.7,300,300
common-wombat,300,cleaned_marsupials_maplibre_common-wombat.geojson,2020,5,May,10.3,59.5,300,300
common-wombat,300,cleaned_marsupials_maplibre_common-wombat.geojson,2020,6,Jun,8.8,46.2,300,300
common-wombat,300,cleaned_marsupials_maplibre_common-wombat.geojson,2020,7,Jul,8.5,135.4,300,300
common-wombat,300,cleaned_marsupials_maplibre_common-wombat.geojson,2020,8,Aug,8.6,122.8,300,300
common-wombat,300,cleaned_marsupials_maplibre_common-wombat.geojson,2020,9,Sep,12.1,43.3,300,300
common-wombat,300,cleaned_marsupials_maplibre_common-wombat.geojson,2020,10,Oct,14.6,125.7,300,300
common-wombat,300,cleaned_marsupials_maplibre_common-wombat.geojson,2020,11,Nov,17.8,63.0,300,300
common-wombat,300,cleaned_marsupials_maplibre_common-wombat.geojson,2020,12,Dec,17.6,89.1,300,300
common-wombat,300,cleaned_marsupials_maplibre_common-wombat.geojson,2021,1,Jan,19.4,94.0,300,300
common-wombat,300,cleaned_marsupials_maplibre_common-wombat.geojson,2021,2,Feb,18.6,87.2,300,300
common-wombat,300,cleaned_marsupials_maplibre_common-wombat.geojson,2021,3,Mar,16.7,192.0,300,300
common-wombat,300,cleaned_marsupials_maplibre_common-wombat.geojson,2021,4,Apr,13.6,19.2,300,300
common-wombat,300,cleaned_marsupials_maplibre_common-wombat.geojson,2021,5,May,11.0,115.5,300,300
common-wombat,300,cleaned_marsupials_maplibre_common-wombat.geojson,2021,6,Jun,8.7,93.4,300,300
common-wombat,300,cleaned_marsupials_maplibre_common-wombat.geojson,2021,7,Jul,8.0,67.0,300,300
common-wombat,300,cleaned_marsupials_maplibre_common-wombat.geojson,2021,8,Aug,9.3,85.3,300,300
common-wombat,300,cleaned_marsupials_maplibre_common-wombat.geojson,2021,9,Sep,11.4,81.4,300,300
common-wombat,300,cleaned_marsupials_maplibre_common-wombat.geojson,2021,10,Oct,13.1,83.1,300,300
common-wombat,300,cleaned_marsupials_maplibre_common-wombat.geojson,2021,11,Nov,14.8,176.6,300,300
common-wombat,300,cleaned_marsupials_maplibre_common-wombat.geojson,2021,12,Dec,17.6,92.6,300,300
common-wombat,300,cleaned_marsupials_maplibre_common-wombat.geojson,2022,1,Jan,20.6,146.2,300,300
common-wombat,300,cleaned_marsupials_maplibre_common-wombat.geojson,2022,2,Feb,18.9,98.4,300,300
common-wombat,300,cleaned_marsupials_maplibre_common-wombat.geojson,2022,3,Mar,17.8,242.8,300,300
common-wombat,300,cleaned_marsupials_maplibre_common-wombat.geojson,2022,4,Apr,14.8,130.4,300,300
common-wombat,300,cleaned_marsupials_maplibre_common-wombat.geojson,2022,5,May,11.3,73.6,300,300
common-wombat,300,cleaned_marsupials_maplibre_common-wombat.geojson,2022,6,Jun,7.9,48.4,300,300
common-wombat,300,cleaned_marsupials_maplibre_common-wombat.geojson,2022,7,Jul,7.8,165.6,300,300
common-wombat,300,cleaned_marsupials_maplibre_common-wombat.geojson,2022,8,Aug,9.5,96.4,300,300
common-wombat,300,cleaned_marsupials_maplibre_common-wombat.geojson,2022,9,Sep,10.9,112.5,300,300
common-wombat,300,cleaned_marsupials_maplibre_common-wombat.geojson,2022,10,Oct,13.6,180.6,300,300
common-wombat,300,cleaned_marsupials_maplibre_common-wombat.geojson,2022,11,Nov,14.2,105.3,300,300
common-wombat,300,cleaned_marsupials_maplibre_common-wombat.geojson,2022,12,Dec,16.4,61.5,300,300
common-wombat,300,cleaned_marsupials_maplibre_common-wombat.geojson,2023,1,Jan,19.6,89.8,300,300
common-wombat,300,cleaned_marsupials_maplibre_common-wombat.geojson,2023,2,Feb,19.5,47.2,300,300
common-wombat,300,cleaned_marsupials_maplibre_common-wombat.geojson,2023,3,Mar,18.4,82.5,300,300
common-wombat,300,cleaned_marsupials_maplibre_common-wombat.geojson,2023,4,Apr,13.9,82.1,300,300
common-wombat,300,cleaned_marsupials_maplibre_common-wombat.geojson,2023,5,May,9.7,51.0,300,300
common-wombat,300,cleaned_marsupials_maplibre_common-wombat.geojson,2023,6,Jun,9.1,53.6,300,300
common-wombat,300,cleaned_marsupials_maplibre_common-wombat.geojson,2023,7,Jul,9.0,30.3,300,300
common-wombat,300,cleaned_marsupials_maplibre_common-wombat.geojson,2023,8,Aug,10.1,45.8,300,300
common-wombat,300,cleaned_marsupials_maplibre_common-wombat.geojson,2023,9,Sep,13.1,24.8,300,300
common-wombat,300,cleaned_marsupials_maplibre_common-wombat.geojson,2023,10,Oct,14.1,73.6,300,300
common-wombat,300,cleaned_marsupials_maplibre_common-wombat.geojson,2023,11,Nov,17.1,132.4,300,300
common-wombat,300,cleaned_marsupials_maplibre_common-wombat.geojson,2023,12,Dec,19.5,136.4,300,300
common-wombat,300,cleaned_marsupials_maplibre_common-wombat.geojson,2024,1,Jan,20.4,103.8,300,300
common-wombat,300,cleaned_marsupials_maplibre_common-wombat.geojson,2024,2,Feb,20.4,58.0,300,300
common-wombat,300,cleaned_marsupials_maplibre_common-wombat.geojson,2024,3,Mar,18.8,37.1,300,300
common-wombat,300,cleaned_marsupials_maplibre_common-wombat.geojson,2024,4,Apr,14.1,116.0,300,300
common-wombat,300,cleaned_marsupials_maplibre_common-wombat.geojson,2024,5,May,11.3,90.9,300,300
common-wombat,300,cleaned_marsupials_maplibre_common-wombat.geojson,2024,6,Jun,8.3,111.2,300,300
common-wombat,300,cleaned_marsupials_maplibre_common-wombat.geojson,2024,7,Jul,8.0,76.2,300,300
common-wombat,300,cleaned_marsupials_maplibre_common-wombat.geojson,2024,8,Aug,11.1,40.3,300,300
common-wombat,300,cleaned_marsupials_maplibre_common-wombat.geojson,2024,9,Sep,11.8,56.6,300,300
common-wombat,300,cleaned_marsupials_maplibre_common-wombat.geojson,2024,10,Oct,14.1,40.7,300,300
common-wombat,300,cleaned_marsupials_maplibre_common-wombat.geojson,2024,11,Nov,18.3,83.2,300,300
common-wombat,300,cleaned_marsupials_maplibre_common-wombat.geojson,2024,12,Dec,20.0,59.7,300,300
common-wombat,300,cleaned_marsupials_maplibre_common-wombat.geojson,2025,1,Jan,20.2,105.3,300,300
common-wombat,300,cleaned_marsupials_maplibre_common-wombat.geojson,2025,2,Feb,20.4,74.3,300,300
common-wombat,300,cleaned_marsupials_maplibre_common-wombat.geojson,2025,3,Mar,19.6,86.3,300,300
common-wombat,300,cleaned_marsupials_maplibre_common-wombat.geojson,2025,4,Apr,15.8,71.4,300,300
common-wombat,300,cleaned_marsupials_maplibre_common-wombat.geojson,2025,5,May,12.1,95.7,300,300
common-wombat,300,cleaned_marsupials_maplibre_common-wombat.geojson,2025,6,Jun,7.8,51.4,300,300
common-wombat,300,cleaned_marsupials_maplibre_common-wombat.geojson,2025,7,Jul,8.2,124.4,300,300
common-wombat,300,cleaned_marsupials_maplibre_common-wombat.geojson,2025,8,Aug,9.2,105.1,300,300
common-wombat,300,cleaned_marsupials_maplibre_common-wombat.geojson,2025,9,Sep,12.0,64.7,300,300
common-wombat,300,cleaned_marsupials_maplibre_common-wombat.geojson,2025,10,Oct,14.7,44.9,300,300
common-wombat,300,cleaned_marsupials_maplibre_common-wombat.geojson,2025,11,Nov,16.1,76.7,300,300
common-wombat,300,cleaned_marsupials_maplibre_common-wombat.geojson,2025,12,Dec,18.4,54.2,300,300
common-wombat,300,cleaned_marsupials_maplibre_common-wombat.geojson,2026,1,Jan,20.9,92.7,300,300
common-wombat,300,cleaned_marsupials_maplibre_common-wombat.geojson,2026,2,Feb,20.4,78.9,300,300
common-wombat,300,cleaned_marsupials_maplibre_common-wombat.geojson,2026,3,Mar,18.5,107.9,300,300
common-wombat,300,cleaned_marsupials_maplibre_common-wombat.geojson,2026,4,Apr,14.6,20.5,300,300
common-wombat,300,cleaned_marsupials_maplibre_common-wombat.geojson,2026,5,May,12.9,85.8,300,300
common-wombat,300,cleaned_marsupials_maplibre_common-wombat.geojson,2026,6,Jun,10.5,61.1,300,300
common-wombat,300,cleaned_marsupials_maplibre_common-wombat.geojson,2026,7,Jul,8.7,55.5,300,300
eastern-grey-kangaroo,300,cleaned_marsupials_maplibre_eastern-grey-kangaroo.geojson,2020,1,Jan,23.9,68.6,300,300
eastern-grey-kangaroo,300,cleaned_marsupials_maplibre_eastern-grey-kangaroo.geojson,2020,2,Feb,21.9,218.0,300,300
eastern-grey-kangaroo,300,cleaned_marsupials_maplibre_eastern-grey-kangaroo.geojson,2020,3,Mar,18.9,100.1,300,300
eastern-grey-kangaroo,300,cleaned_marsupials_maplibre_eastern-grey-kangaroo.geojson,2020,4,Apr,16.2,68.4,300,300
eastern-grey-kangaroo,300,cleaned_marsupials_maplibre_eastern-grey-kangaroo.geojson,2020,5,May,12.1,46.7,300,300
eastern-grey-kangaroo,300,cleaned_marsupials_maplibre_eastern-grey-kangaroo.geojson,2020,6,Jun,10.4,44.2,300,300
eastern-grey-kangaroo,300,cleaned_marsupials_maplibre_eastern-grey-kangaroo.geojson,2020,7,Jul,10.0,108.2,300,300
eastern-grey-kangaroo,300,cleaned_marsupials_maplibre_eastern-grey-kangaroo.geojson,2020,8,Aug,10.2,88.7,300,300
eastern-grey-kangaroo,300,cleaned_marsupials_maplibre_eastern-grey-kangaroo.geojson,2020,9,Sep,13.9,37.5,300,300
eastern-grey-kangaroo,300,cleaned_marsupials_maplibre_eastern-grey-kangaroo.geojson,2020,10,Oct,16.6,98.1,300,300
eastern-grey-kangaroo,300,cleaned_marsupials_maplibre_eastern-grey-kangaroo.geojson,2020,11,Nov,19.7,53.0,300,300
eastern-grey-kangaroo,300,cleaned_marsupials_maplibre_eastern-grey-kangaroo.geojson,2020,12,Dec,20.1,138.2,300,300
eastern-grey-kangaroo,300,cleaned_marsupials_maplibre_eastern-grey-kangaroo.geojson,2021,1,Jan,21.4,92.0,300,300
eastern-grey-kangaroo,300,cleaned_marsupials_maplibre_eastern-grey-kangaroo.geojson,2021,2,Feb,20.7,111.3,300,300
eastern-grey-kangaroo,300,cleaned_marsupials_maplibre_eastern-grey-kangaroo.geojson,2021,3,Mar,18.8,241.5,300,300
eastern-grey-kangaroo,300,cleaned_marsupials_maplibre_eastern-grey-kangaroo.geojson,2021,4,Apr,15.2,26.6,300,300
eastern-grey-kangaroo,300,cleaned_marsupials_maplibre_eastern-grey-kangaroo.geojson,2021,5,May,12.7,73.8,300,300
eastern-grey-kangaroo,300,cleaned_marsupials_maplibre_eastern-grey-kangaroo.geojson,2021,6,Jun,10.2,75.1,300,300
eastern-grey-kangaroo,300,cleaned_marsupials_maplibre_eastern-grey-kangaroo.geojson,2021,7,Jul,9.6,50.6,300,300
eastern-grey-kangaroo,300,cleaned_marsupials_maplibre_eastern-grey-kangaroo.geojson,2021,8,Aug,11.0,54.1,300,300
eastern-grey-kangaroo,300,cleaned_marsupials_maplibre_eastern-grey-kangaroo.geojson,2021,9,Sep,13.1,50.6,300,300
eastern-grey-kangaroo,300,cleaned_marsupials_maplibre_eastern-grey-kangaroo.geojson,2021,10,Oct,15.3,79.7,300,300
eastern-grey-kangaroo,300,cleaned_marsupials_maplibre_eastern-grey-kangaroo.geojson,2021,11,Nov,17.1,177.7,300,300
eastern-grey-kangaroo,300,cleaned_marsupials_maplibre_eastern-grey-kangaroo.geojson,2021,12,Dec,19.9,92.9,300,300
eastern-grey-kangaroo,300,cleaned_marsupials_maplibre_eastern-grey-kangaroo.geojson,2022,1,Jan,22.4,131.5,300,300
eastern-grey-kangaroo,300,cleaned_marsupials_maplibre_eastern-grey-kangaroo.geojson,2022,2,Feb,20.8,129.7,300,300
eastern-grey-kangaroo,300,cleaned_marsupials_maplibre_eastern-grey-kangaroo.geojson,2022,3,Mar,19.7,256.8,300,300
eastern-grey-kangaroo,300,cleaned_marsupials_maplibre_eastern-grey-kangaroo.geojson,2022,4,Apr,16.8,112.1,300,300
eastern-grey-kangaroo,300,cleaned_marsupials_maplibre_eastern-grey-kangaroo.geojson,2022,5,May,13.3,89.8,300,300
eastern-grey-kangaroo,300,cleaned_marsupials_maplibre_eastern-grey-kangaroo.geojson,2022,6,Jun,9.4,24.2,300,300
eastern-grey-kangaroo,300,cleaned_marsupials_maplibre_eastern-grey-kangaroo.geojson,2022,7,Jul,9.5,148.6,300,300
eastern-grey-kangaroo,300,cleaned_marsupials_maplibre_eastern-grey-kangaroo.geojson,2022,8,Aug,11.1,74.4,300,300
eastern-grey-kangaroo,300,cleaned_marsupials_maplibre_eastern-grey-kangaroo.geojson,2022,9,Sep,12.8,114.1,300,300
eastern-grey-kangaroo,300,cleaned_marsupials_maplibre_eastern-grey-kangaroo.geojson,2022,10,Oct,15.5,174.9,300,300
eastern-grey-kangaroo,300,cleaned_marsupials_maplibre_eastern-grey-kangaroo.geojson,2022,11,Nov,16.3,83.0,300,300
eastern-grey-kangaroo,300,cleaned_marsupials_maplibre_eastern-grey-kangaroo.geojson,2022,12,Dec,18.4,43.3,300,300
eastern-grey-kangaroo,300,cleaned_marsupials_maplibre_eastern-grey-kangaroo.geojson,2023,1,Jan,21.6,86.4,300,300
eastern-grey-kangaroo,300,cleaned_marsupials_maplibre_eastern-grey-kangaroo.geojson,2023,2,Feb,21.5,58.3,300,300
eastern-grey-kangaroo,300,cleaned_marsupials_maplibre_eastern-grey-kangaroo.geojson,2023,3,Mar,20.7,86.3,300,300
eastern-grey-kangaroo,300,cleaned_marsupials_maplibre_eastern-grey-kangaroo.geojson,2023,4,Apr,15.8,76.2,300,300
eastern-grey-kangaroo,300,cleaned_marsupials_maplibre_eastern-grey-kangaroo.geojson,2023,5,May,11.3,31.0,300,300
eastern-grey-kangaroo,300,cleaned_marsupials_maplibre_eastern-grey-kangaroo.geojson,2023,6,Jun,10.5,34.6,300,300
eastern-grey-kangaroo,300,cleaned_marsupials_maplibre_eastern-grey-kangaroo.geojson,2023,7,Jul,10.5,22.9,300,300
eastern-grey-kangaroo,300,cleaned_marsupials_maplibre_eastern-grey-kangaroo.geojson,2023,8,Aug,11.7,32.7,300,300
eastern-grey-kangaroo,300,cleaned_marsupials_maplibre_eastern-grey-kangaroo.geojson,2023,9,Sep,14.7,14.8,300,300
eastern-grey-kangaroo,300,cleaned_marsupials_maplibre_eastern-grey-kangaroo.geojson,2023,10,Oct,16.4,45.8,300,300
eastern-grey-kangaroo,300,cleaned_marsupials_maplibre_eastern-grey-kangaroo.geojson,2023,11,Nov,19.2,116.0,300,300
eastern-grey-kangaroo,300,cleaned_marsupials_maplibre_eastern-grey-kangaroo.geojson,2023,12,Dec,21.9,104.2,300,300
eastern-grey-kangaroo,300,cleaned_marsupials_maplibre_eastern-grey-kangaroo.geojson,2024,1,Jan,22.7,104.1,300,300
eastern-grey-kangaroo,300,cleaned_marsupials_maplibre_eastern-grey-kangaroo.geojson,2024,2,Feb,22.7,74.1,300,300
eastern-grey-kangaroo,300,cleaned_marsupials_maplibre_eastern-grey-kangaroo.geojson,2024,3,Mar,20.7,50.3,300,300
eastern-grey-kangaroo,300,cleaned_marsupials_maplibre_eastern-grey-kangaroo.geojson,2024,4,Apr,16.1,127.9,300,300
eastern-grey-kangaroo,300,cleaned_marsupials_maplibre_eastern-grey-kangaroo.geojson,2024,5,May,13.1,96.6,300,300
eastern-grey-kangaroo,300,cleaned_marsupials_maplibre_eastern-grey-kangaroo.geojson,2024,6,Jun,9.8,83.4,300,300
eastern-grey-kangaroo,300,cleaned_marsupials_maplibre_eastern-grey-kangaroo.geojson,2024,7,Jul,9.7,56.3,300,300
eastern-grey-kangaroo,300,cleaned_marsupials_maplibre_eastern-grey-kangaroo.geojson,2024,8,Aug,12.8,40.9,300,300
eastern-grey-kangaroo,300,cleaned_marsupials_maplibre_eastern-grey-kangaroo.geojson,2024,9,Sep,13.7,48.2,300,300
eastern-grey-kangaroo,300,cleaned_marsupials_maplibre_eastern-grey-kangaroo.geojson,2024,10,Oct,16.2,39.0,300,300
eastern-grey-kangaroo,300,cleaned_marsupials_maplibre_eastern-grey-kangaroo.geojson,2024,11,Nov,20.5,76.4,300,300
eastern-grey-kangaroo,300,cleaned_marsupials_maplibre_eastern-grey-kangaroo.geojson,2024,12,Dec,22.3,60.8,300,300
eastern-grey-kangaroo,300,cleaned_marsupials_maplibre_eastern-grey-kangaroo.geojson,2025,1,Jan,22.4,112.0,300,300
eastern-grey-kangaroo,300,cleaned_marsupials_maplibre_eastern-grey-kangaroo.geojson,2025,2,Feb,22.3,63.2,300,300
eastern-grey-kangaroo,300,cleaned_marsupials_maplibre_eastern-grey-kangaroo.geojson,2025,3,Mar,21.5,120.1,300,300
eastern-grey-kangaroo,300,cleaned_marsupials_maplibre_eastern-grey-kangaroo.geojson,2025,4,Apr,17.5,79.3,300,300
eastern-grey-kangaroo,300,cleaned_marsupials_maplibre_eastern-grey-kangaroo.geojson,2025,5,May,14.0,140.8,300,300
eastern-grey-kangaroo,300,cleaned_marsupials_maplibre_eastern-grey-kangaroo.geojson,2025,6,Jun,9.4,32.8,300,300
eastern-grey-kangaroo,300,cleaned_marsupials_maplibre_eastern-grey-kangaroo.geojson,2025,7,Jul,9.7,93.4,300,300
eastern-grey-kangaroo,300,cleaned_marsupials_maplibre_eastern-grey-kangaroo.geojson,2025,8,Aug,10.8,111.9,300,300
eastern-grey-kangaroo,300,cleaned_marsupials_maplibre_eastern-grey-kangaroo.geojson,2025,9,Sep,13.8,51.2,300,300
eastern-grey-kangaroo,300,cleaned_marsupials_maplibre_eastern-grey-kangaroo.geojson,2025,10,Oct,17.3,34.2,300,300
eastern-grey-kangaroo,300,cleaned_marsupials_maplibre_eastern-grey-kangaroo.geojson,2025,11,Nov,18.8,55.4,300,300
eastern-grey-kangaroo,300,cleaned_marsupials_maplibre_eastern-grey-kangaroo.geojson,2025,12,Dec,20.8,47.4,300,300
eastern-grey-kangaroo,300,cleaned_marsupials_maplibre_eastern-grey-kangaroo.geojson,2026,1,Jan,23.1,72.8,300,300
eastern-grey-kangaroo,300,cleaned_marsupials_maplibre_eastern-grey-kangaroo.geojson,2026,2,Feb,22.7,65.3,300,300
eastern-grey-kangaroo,300,cleaned_marsupials_maplibre_eastern-grey-kangaroo.geojson,2026,3,Mar,20.5,94.5,300,300
eastern-grey-kangaroo,300,cleaned_marsupials_maplibre_eastern-grey-kangaroo.geojson,2026,4,Apr,16.5,18.6,300,300
eastern-grey-kangaroo,300,cleaned_marsupials_maplibre_eastern-grey-kangaroo.geojson,2026,5,May,14.6,109.3,300,300
eastern-grey-kangaroo,300,cleaned_marsupials_maplibre_eastern-grey-kangaroo.geojson,2026,6,Jun,12.0,49.2,300,300
eastern-grey-kangaroo,300,cleaned_marsupials_maplibre_eastern-grey-kangaroo.geojson,2026,7,Jul,10.2,36.9,300,300
greater-glider,300,cleaned_marsupials_maplibre_greater-glider.geojson,2020,1,Jan,21.0,119.3,300,300
greater-glider,300,cleaned_marsupials_maplibre_greater-glider.geojson,2020,2,Feb,18.8,216.7,300,300
greater-glider,300,cleaned_marsupials_maplibre_greater-glider.geojson,2020,3,Mar,16.0,101.9,300,300
greater-glider,300,cleaned_marsupials_maplibre_greater-glider.geojson,2020,4,Apr,13.2,110.1,300,300
greater-glider,300,cleaned_marsupials_maplibre_greater-glider.geojson,2020,5,May,9.2,62.8,300,300
greater-glider,300,cleaned_marsupials_maplibre_greater-glider.geojson,2020,6,Jun,7.7,65.1,300,300
greater-glider,300,cleaned_marsupials_maplibre_greater-glider.geojson,2020,7,Jul,7.4,100.0,300,300
greater-glider,300,cleaned_marsupials_maplibre_greater-glider.geojson,2020,8,Aug,7.5,107.9,300,300
greater-glider,300,cleaned_marsupials_maplibre_greater-glider.geojson,2020,9,Sep,11.1,53.2,300,300
greater-glider,300,cleaned_marsupials_maplibre_greater-glider.geojson,2020,10,Oct,13.7,117.9,300,300
greater-glider,300,cleaned_marsupials_maplibre_greater-glider.geojson,2020,11,Nov,17.1,55.4,300,300
greater-glider,300,cleaned_marsupials_maplibre_greater-glider.geojson,2020,12,Dec,17.2,164.3,300,300
greater-glider,300,cleaned_marsupials_maplibre_greater-glider.geojson,2021,1,Jan,18.5,120.0,300,300
greater-glider,300,cleaned_marsupials_maplibre_greater-glider.geojson,2021,2,Feb,17.8,103.0,300,300
greater-glider,300,cleaned_marsupials_maplibre_greater-glider.geojson,2021,3,Mar,15.9,209.7,300,300
greater-glider,300,cleaned_marsupials_maplibre_greater-glider.geojson,2021,4,Apr,12.5,41.1,300,300
greater-glider,300,cleaned_marsupials_maplibre_greater-glider.geojson,2021,5,May,9.9,84.5,300,300
greater-glider,300,cleaned_marsupials_maplibre_greater-glider.geojson,2021,6,Jun,7.6,116.0,300,300
greater-glider,300,cleaned_marsupials_maplibre_greater-glider.geojson,2021,7,Jul,6.9,95.4,300,300
greater-glider,300,cleaned_marsupials_maplibre_greater-glider.geojson,2021,8,Aug,8.4,71.7,300,300
greater-glider,300,cleaned_marsupials_maplibre_greater-glider.geojson,2021,9,Sep,10.4,87.7,300,300
greater-glider,300,cleaned_marsupials_maplibre_greater-glider.geojson,2021,10,Oct,12.5,107.7,300,300
greater-glider,300,cleaned_marsupials_maplibre_greater-glider.geojson,2021,11,Nov,14.3,216.5,300,300
greater-glider,300,cleaned_marsupials_maplibre_greater-glider.geojson,2021,12,Dec,17.2,119.0,300,300
greater-glider,300,cleaned_marsupials_maplibre_greater-glider.geojson,2022,1,Jan,20.0,149.2,300,300
greater-glider,300,cleaned_marsupials_maplibre_greater-glider.geojson,2022,2,Feb,17.9,131.8,300,300
greater-glider,300,cleaned_marsupials_maplibre_greater-glider.geojson,2022,3,Mar,16.9,213.7,300,300
greater-glider,300,cleaned_marsupials_maplibre_greater-glider.geojson,2022,4,Apr,14.0,102.8,300,300
greater-glider,300,cleaned_marsupials_maplibre_greater-glider.geojson,2022,5,May,10.6,90.7,300,300
greater-glider,300,cleaned_marsupials_maplibre_greater-glider.geojson,2022,6,Jun,6.6,67.4,300,300
greater-glider,300,cleaned_marsupials_maplibre_greater-glider.geojson,2022,7,Jul,6.7,117.6,300,300
greater-glider,300,cleaned_marsupials_maplibre_greater-glider.geojson,2022,8,Aug,8.2,122.2,300,300
greater-glider,300,cleaned_marsupials_maplibre_greater-glider.geojson,2022,9,Sep,9.9,136.9,300,300
greater-glider,300,cleaned_marsupials_maplibre_greater-glider.geojson,2022,10,Oct,12.6,193.0,300,300
greater-glider,300,cleaned_marsupials_maplibre_greater-glider.geojson,2022,11,Nov,13.2,123.3,300,300
greater-glider,300,cleaned_marsupials_maplibre_greater-glider.geojson,2022,12,Dec,15.6,65.4,300,300
greater-glider,300,cleaned_marsupials_maplibre_greater-glider.geojson,2023,1,Jan,19.1,90.2,300,300
greater-glider,300,cleaned_marsupials_maplibre_greater-glider.geojson,2023,2,Feb,18.7,55.9,300,300
greater-glider,300,cleaned_marsupials_maplibre_greater-glider.geojson,2023,3,Mar,17.8,116.4,300,300
greater-glider,300,cleaned_marsupials_maplibre_greater-glider.geojson,2023,4,Apr,12.9,80.7,300,300
greater-glider,300,cleaned_marsupials_maplibre_greater-glider.geojson,2023,5,May,8.6,52.1,300,300
greater-glider,300,cleaned_marsupials_maplibre_greater-glider.geojson,2023,6,Jun,7.8,76.6,300,300
greater-glider,300,cleaned_marsupials_maplibre_greater-glider.geojson,2023,7,Jul,7.8,38.4,300,300
greater-glider,300,cleaned_marsupials_maplibre_greater-glider.geojson,2023,8,Aug,9.2,48.0,300,300
greater-glider,300,cleaned_marsupials_maplibre_greater-glider.geojson,2023,9,Sep,12.2,25.5,300,300
greater-glider,300,cleaned_marsupials_maplibre_greater-glider.geojson,2023,10,Oct,13.3,86.1,300,300
greater-glider,300,cleaned_marsupials_maplibre_greater-glider.geojson,2023,11,Nov,16.4,127.0,300,300
greater-glider,300,cleaned_marsupials_maplibre_greater-glider.geojson,2023,12,Dec,18.9,118.7,300,300
greater-glider,300,cleaned_marsupials_maplibre_greater-glider.geojson,2024,1,Jan,19.9,139.2,300,300
greater-glider,300,cleaned_marsupials_maplibre_greater-glider.geojson,2024,2,Feb,19.9,64.9,300,300
greater-glider,300,cleaned_marsupials_maplibre_greater-glider.geojson,2024,3,Mar,18.0,49.2,300,300
greater-glider,300,cleaned_marsupials_maplibre_greater-glider.geojson,2024,4,Apr,13.3,114.2,300,300
greater-glider,300,cleaned_marsupials_maplibre_greater-glider.geojson,2024,5,May,10.6,88.8,300,300
greater-glider,300,cleaned_marsupials_maplibre_greater-glider.geojson,2024,6,Jun,7.2,76.0,300,300
greater-glider,300,cleaned_marsupials_maplibre_greater-glider.geojson,2024,7,Jul,6.8,105.9,300,300
greater-glider,300,cleaned_marsupials_maplibre_greater-glider.geojson,2024,8,Aug,10.3,50.5,300,300
greater-glider,300,cleaned_marsupials_maplibre_greater-glider.geojson,2024,9,Sep,10.8,73.0,300,300
greater-glider,300,cleaned_marsupials_maplibre_greater-glider.geojson,2024,10,Oct,13.4,66.3,300,300
greater-glider,300,cleaned_marsupials_maplibre_greater-glider.geojson,2024,11,Nov,17.6,100.9,300,300
greater-glider,300,cleaned_marsupials_maplibre_greater-glider.geojson,2024,12,Dec,19.4,69.1,300,300
greater-glider,300,cleaned_marsupials_maplibre_greater-glider.geojson,2025,1,Jan,19.6,130.3,300,300
greater-glider,300,cleaned_marsupials_maplibre_greater-glider.geojson,2025,2,Feb,19.6,75.3,300,300
greater-glider,300,cleaned_marsupials_maplibre_greater-glider.geojson,2025,3,Mar,18.6,182.3,300,300
greater-glider,300,cleaned_marsupials_maplibre_greater-glider.geojson,2025,4,Apr,14.7,81.4,300,300
greater-glider,300,cleaned_marsupials_maplibre_greater-glider.geojson,2025,5,May,11.4,145.3,300,300
greater-glider,300,cleaned_marsupials_maplibre_greater-glider.geojson,2025,6,Jun,7.0,56.7,300,300
greater-glider,300,cleaned_marsupials_maplibre_greater-glider.geojson,2025,7,Jul,7.1,125.2,300,300
greater-glider,300,cleaned_marsupials_maplibre_greater-glider.geojson,2025,8,Aug,8.1,112.8,300,300
greater-glider,300,cleaned_marsupials_maplibre_greater-glider.geojson,2025,9,Sep,10.8,45.8,300,300
greater-glider,300,cleaned_marsupials_maplibre_greater-glider.geojson,2025,10,Oct,14.3,59.9,300,300
greater-glider,300,cleaned_marsupials_maplibre_greater-glider.geojson,2025,11,Nov,15.5,108.5,300,300
greater-glider,300,cleaned_marsupials_maplibre_greater-glider.geojson,2025,12,Dec,17.7,72.9,300,300
greater-glider,300,cleaned_marsupials_maplibre_greater-glider.geojson,2026,1,Jan,20.5,75.8,300,300
greater-glider,300,cleaned_marsupials_maplibre_greater-glider.geojson,2026,2,Feb,19.9,77.1,300,300
greater-glider,300,cleaned_marsupials_maplibre_greater-glider.geojson,2026,3,Mar,17.9,88.1,300,300
greater-glider,300,cleaned_marsupials_maplibre_greater-glider.geojson,2026,4,Apr,14.1,26.1,300,300
greater-glider,300,cleaned_marsupials_maplibre_greater-glider.geojson,2026,5,May,12.0,121.2,300,300
greater-glider,300,cleaned_marsupials_maplibre_greater-glider.geojson,2026,6,Jun,9.4,80.5,300,300
greater-glider,300,cleaned_marsupials_maplibre_greater-glider.geojson,2026,7,Jul,7.6,73.5,300,300
koala,300,cleaned_marsupials_maplibre_koala.geojson,2020,1,Jan,24.5,131.5,300,300
koala,300,cleaned_marsupials_maplibre_koala.geojson,2020,2,Feb,22.9,379.5,300,300
koala,300,cleaned_marsupials_maplibre_koala.geojson,2020,3,Mar,20.5,129.3,300,300
koala,300,cleaned_marsupials_maplibre_koala.geojson,2020,4,Apr,18.4,50.7,300,300
koala,300,cleaned_marsupials_maplibre_koala.geojson,2020,5,May,14.4,63.7,300,300
koala,300,cleaned_marsupials_maplibre_koala.geojson,2020,6,Jun,12.8,73.0,300,300
koala,300,cleaned_marsupials_maplibre_koala.geojson,2020,7,Jul,12.3,109.7,300,300
koala,300,cleaned_marsupials_maplibre_koala.geojson,2020,8,Aug,12.6,58.2,300,300
koala,300,cleaned_marsupials_maplibre_koala.geojson,2020,9,Sep,16.0,35.3,300,300
koala,300,cleaned_marsupials_maplibre_koala.geojson,2020,10,Oct,18.3,99.3,300,300
koala,300,cleaned_marsupials_maplibre_koala.geojson,2020,11,Nov,20.7,35.7,300,300
koala,300,cleaned_marsupials_maplibre_koala.geojson,2020,12,Dec,21.8,285.6,300,300
koala,300,cleaned_marsupials_maplibre_koala.geojson,2021,1,Jan,22.2,140.7,300,300
koala,300,cleaned_marsupials_maplibre_koala.geojson,2021,2,Feb,21.9,190.0,300,300
koala,300,cleaned_marsupials_maplibre_koala.geojson,2021,3,Mar,20.5,390.0,300,300
koala,300,cleaned_marsupials_maplibre_koala.geojson,2021,4,Apr,17.2,79.0,300,300
koala,300,cleaned_marsupials_maplibre_koala.geojson,2021,5,May,14.9,92.6,300,300
koala,300,cleaned_marsupials_maplibre_koala.geojson,2021,6,Jun,12.2,61.9,300,300
koala,300,cleaned_marsupials_maplibre_koala.geojson,2021,7,Jul,11.9,49.6,300,300
koala,300,cleaned_marsupials_maplibre_koala.geojson,2021,8,Aug,13.4,41.7,300,300
koala,300,cleaned_marsupials_maplibre_koala.geojson,2021,9,Sep,15.3,40.3,300,300
koala,300,cleaned_marsupials_maplibre_koala.geojson,2021,10,Oct,17.9,109.3,300,300
koala,300,cleaned_marsupials_maplibre_koala.geojson,2021,11,Nov,19.0,176.3,300,300
koala,300,cleaned_marsupials_maplibre_koala.geojson,2021,12,Dec,21.2,138.1,300,300
koala,300,cleaned_marsupials_maplibre_koala.geojson,2022,1,Jan,22.8,153.2,300,300
koala,300,cleaned_marsupials_maplibre_koala.geojson,2022,2,Feb,21.6,312.1,300,300
koala,300,cleaned_marsupials_maplibre_koala.geojson,2022,3,Mar,20.8,435.0,300,300
koala,300,cleaned_marsupials_maplibre_koala.geojson,2022,4,Apr,18.7,141.3,300,300
koala,300,cleaned_marsupials_maplibre_koala.geojson,2022,5,May,16.0,149.9,300,300
koala,300,cleaned_marsupials_maplibre_koala.geojson,2022,6,Jun,11.6,20.5,300,300
koala,300,cleaned_marsupials_maplibre_koala.geojson,2022,7,Jul,11.7,219.6,300,300
koala,300,cleaned_marsupials_maplibre_koala.geojson,2022,8,Aug,13.0,46.0,300,300
koala,300,cleaned_marsupials_maplibre_koala.geojson,2022,9,Sep,15.0,148.4,300,300
koala,300,cleaned_marsupials_maplibre_koala.geojson,2022,10,Oct,17.4,187.4,300,300
koala,300,cleaned_marsupials_maplibre_koala.geojson,2022,11,Nov,18.3,50.2,300,300
koala,300,cleaned_marsupials_maplibre_koala.geojson,2022,12,Dec,19.7,57.3,300,300
koala,300,cleaned_marsupials_maplibre_koala.geojson,2023,1,Jan,22.2,103.8,300,300
koala,300,cleaned_marsupials_maplibre_koala.geojson,2023,2,Feb,22.6,77.2,300,300
koala,300,cleaned_marsupials_maplibre_koala.geojson,2023,3,Mar,22.3,112.2,300,300
koala,300,cleaned_marsupials_maplibre_koala.geojson,2023,4,Apr,17.8,86.0,300,300
koala,300,cleaned_marsupials_maplibre_koala.geojson,2023,5,May,13.5,48.9,300,300
koala,300,cleaned_marsupials_maplibre_koala.geojson,2023,6,Jun,12.6,21.2,300,300
koala,300,cleaned_marsupials_maplibre_koala.geojson,2023,7,Jul,12.6,29.1,300,300
koala,300,cleaned_marsupials_maplibre_koala.geojson,2023,8,Aug,14.1,31.7,300,300
koala,300,cleaned_marsupials_maplibre_koala.geojson,2023,9,Sep,16.5,17.6,300,300
koala,300,cleaned_marsupials_maplibre_koala.geojson,2023,10,Oct,18.5,60.7,300,300
koala,300,cleaned_marsupials_maplibre_koala.geojson,2023,11,Nov,20.2,128.1,300,300
koala,300,cleaned_marsupials_maplibre_koala.geojson,2023,12,Dec,23.1,108.3,300,300
koala,300,cleaned_marsupials_maplibre_koala.geojson,2024,1,Jan,23.8,146.4,300,300
koala,300,cleaned_marsupials_maplibre_koala.geojson,2024,2,Feb,23.7,120.5,300,300
koala,300,cleaned_marsupials_maplibre_koala.geojson,2024,3,Mar,21.6,89.6,300,300
koala,300,cleaned_marsupials_maplibre_koala.geojson,2024,4,Apr,18.5,184.7,300,300
koala,300,cleaned_marsupials_maplibre_koala.geojson,2024,5,May,15.3,130.7,300,300
koala,300,cleaned_marsupials_maplibre_koala.geojson,2024,6,Jun,12.2,85.9,300,300
koala,300,cleaned_marsupials_maplibre_koala.geojson,2024,7,Jul,12.0,73.3,300,300
koala,300,cleaned_marsupials_maplibre_koala.geojson,2024,8,Aug,15.2,81.6,300,300
koala,300,cleaned_marsupials_maplibre_koala.geojson,2024,9,Sep,16.0,100.0,300,300
koala,300,cleaned_marsupials_maplibre_koala.geojson,2024,10,Oct,18.0,70.5,300,300
koala,300,cleaned_marsupials_maplibre_koala.geojson,2024,11,Nov,21.5,122.2,300,300
koala,300,cleaned_marsupials_maplibre_koala.geojson,2024,12,Dec,23.3,83.8,300,300
koala,300,cleaned_marsupials_maplibre_koala.geojson,2025,1,Jan,22.9,173.9,300,300
koala,300,cleaned_marsupials_maplibre_koala.geojson,2025,2,Feb,22.9,70.5,300,300
koala,300,cleaned_marsupials_maplibre_koala.geojson,2025,3,Mar,22.1,270.9,300,300
koala,300,cleaned_marsupials_maplibre_koala.geojson,2025,4,Apr,19.0,154.1,300,300
koala,300,cleaned_marsupials_maplibre_koala.geojson,2025,5,May,16.3,279.4,300,300
koala,300,cleaned_marsupials_maplibre_koala.geojson,2025,6,Jun,12.1,38.9,300,300
koala,300,cleaned_marsupials_maplibre_koala.geojson,2025,7,Jul,12.0,103.4,300,300
koala,300,cleaned_marsupials_maplibre_koala.geojson,2025,8,Aug,13.0,178.8,300,300
koala,300,cleaned_marsupials_maplibre_koala.geojson,2025,9,Sep,16.1,44.7,300,300
koala,300,cleaned_marsupials_maplibre_koala.geojson,2025,10,Oct,19.8,54.6,300,300
koala,300,cleaned_marsupials_maplibre_koala.geojson,2025,11,Nov,20.9,77.3,300,300
koala,300,cleaned_marsupials_maplibre_koala.geojson,2025,12,Dec,21.9,73.7,300,300
koala,300,cleaned_marsupials_maplibre_koala.geojson,2026,1,Jan,23.2,96.1,300,300
koala,300,cleaned_marsupials_maplibre_koala.geojson,2026,2,Feb,23.2,92.3,300,300
koala,300,cleaned_marsupials_maplibre_koala.geojson,2026,3,Mar,21.6,99.5,300,300
koala,300,cleaned_marsupials_maplibre_koala.geojson,2026,4,Apr,18.5,47.5,300,300
koala,300,cleaned_marsupials_maplibre_koala.geojson,2026,5,May,16.7,191.6,300,300
koala,300,cleaned_marsupials_maplibre_koala.geojson,2026,6,Jun,14.0,53.9,300,300
koala,300,cleaned_marsupials_maplibre_koala.geojson,2026,7,Jul,12.6,52.0,300,300
swamp-wallaby,300,cleaned_marsupials_maplibre_swamp-wallaby.geojson,2020,1,Jan,21.7,79.0,300,300
swamp-wallaby,300,cleaned_marsupials_maplibre_swamp-wallaby.geojson,2020,2,Feb,20.4,181.7,300,300
swamp-wallaby,300,cleaned_marsupials_maplibre_swamp-wallaby.geojson,2020,3,Mar,17.9,85.4,300,300
swamp-wallaby,300,cleaned_marsupials_maplibre_swamp-wallaby.geojson,2020,4,Apr,15.1,90.2,300,300
swamp-wallaby,300,cleaned_marsupials_maplibre_swamp-wallaby.geojson,2020,5,May,11.4,65.8,300,300
swamp-wallaby,300,cleaned_marsupials_maplibre_swamp-wallaby.geojson,2020,6,Jun,9.8,54.9,300,300
swamp-wallaby,300,cleaned_marsupials_maplibre_swamp-wallaby.geojson,2020,7,Jul,9.4,108.4,300,300
swamp-wallaby,300,cleaned_marsupials_maplibre_swamp-wallaby.geojson,2020,8,Aug,9.7,91.3,300,300
swamp-wallaby,300,cleaned_marsupials_maplibre_swamp-wallaby.geojson,2020,9,Sep,12.9,47.3,300,300
swamp-wallaby,300,cleaned_marsupials_maplibre_swamp-wallaby.geojson,2020,10,Oct,15.2,121.8,300,300
swamp-wallaby,300,cleaned_marsupials_maplibre_swamp-wallaby.geojson,2020,11,Nov,18.6,49.3,300,300
swamp-wallaby,300,cleaned_marsupials_maplibre_swamp-wallaby.geojson,2020,12,Dec,18.4,112.5,300,300
swamp-wallaby,300,cleaned_marsupials_maplibre_swamp-wallaby.geojson,2021,1,Jan,20.1,101.9,300,300
swamp-wallaby,300,cleaned_marsupials_maplibre_swamp-wallaby.geojson,2021,2,Feb,19.4,78.2,300,300
swamp-wallaby,300,cleaned_marsupials_maplibre_swamp-wallaby.geojson,2021,3,Mar,17.7,189.1,300,300
swamp-wallaby,300,cleaned_marsupials_maplibre_swamp-wallaby.geojson,2021,4,Apr,14.6,32.8,300,300
swamp-wallaby,300,cleaned_marsupials_maplibre_swamp-wallaby.geojson,2021,5,May,12.1,93.3,300,300
swamp-wallaby,300,cleaned_marsupials_maplibre_swamp-wallaby.geojson,2021,6,Jun,9.9,97.9,300,300
swamp-wallaby,300,cleaned_marsupials_maplibre_swamp-wallaby.geojson,2021,7,Jul,9.2,76.9,300,300
swamp-wallaby,300,cleaned_marsupials_maplibre_swamp-wallaby.geojson,2021,8,Aug,10.5,70.4,300,300
swamp-wallaby,300,cleaned_marsupials_maplibre_swamp-wallaby.geojson,2021,9,Sep,12.3,79.7,300,300
swamp-wallaby,300,cleaned_marsupials_maplibre_swamp-wallaby.geojson,2021,10,Oct,14.0,92.8,300,300
swamp-wallaby,300,cleaned_marsupials_maplibre_swamp-wallaby.geojson,2021,11,Nov,15.8,155.4,300,300
swamp-wallaby,300,cleaned_marsupials_maplibre_swamp-wallaby.geojson,2021,12,Dec,18.5,86.2,300,300
swamp-wallaby,300,cleaned_marsupials_maplibre_swamp-wallaby.geojson,2022,1,Jan,21.6,129.7,300,300
swamp-wallaby,300,cleaned_marsupials_maplibre_swamp-wallaby.geojson,2022,2,Feb,19.8,121.4,300,300
swamp-wallaby,300,cleaned_marsupials_maplibre_swamp-wallaby.geojson,2022,3,Mar,18.8,205.6,300,300
swamp-wallaby,300,cleaned_marsupials_maplibre_swamp-wallaby.geojson,2022,4,Apr,16.0,115.2,300,300
swamp-wallaby,300,cleaned_marsupials_maplibre_swamp-wallaby.geojson,2022,5,May,12.4,84.0,300,300
swamp-wallaby,300,cleaned_marsupials_maplibre_swamp-wallaby.geojson,2022,6,Jun,9.1,56.6,300,300
swamp-wallaby,300,cleaned_marsupials_maplibre_swamp-wallaby.geojson,2022,7,Jul,8.9,124.2,300,300
swamp-wallaby,300,cleaned_marsupials_maplibre_swamp-wallaby.geojson,2022,8,Aug,10.4,95.2,300,300
swamp-wallaby,300,cleaned_marsupials_maplibre_swamp-wallaby.geojson,2022,9,Sep,11.9,112.4,300,300
swamp-wallaby,300,cleaned_marsupials_maplibre_swamp-wallaby.geojson,2022,10,Oct,14.4,176.9,300,300
swamp-wallaby,300,cleaned_marsupials_maplibre_swamp-wallaby.geojson,2022,11,Nov,15.2,95.8,300,300
swamp-wallaby,300,cleaned_marsupials_maplibre_swamp-wallaby.geojson,2022,12,Dec,17.4,58.8,300,300
swamp-wallaby,300,cleaned_marsupials_maplibre_swamp-wallaby.geojson,2023,1,Jan,20.5,71.8,300,300
swamp-wallaby,300,cleaned_marsupials_maplibre_swamp-wallaby.geojson,2023,2,Feb,20.2,57.3,300,300
swamp-wallaby,300,cleaned_marsupials_maplibre_swamp-wallaby.geojson,2023,3,Mar,19.1,77.8,300,300
swamp-wallaby,300,cleaned_marsupials_maplibre_swamp-wallaby.geojson,2023,4,Apr,15.0,78.9,300,300
swamp-wallaby,300,cleaned_marsupials_maplibre_swamp-wallaby.geojson,2023,5,May,10.9,58.1,300,300
swamp-wallaby,300,cleaned_marsupials_maplibre_swamp-wallaby.geojson,2023,6,Jun,10.1,65.2,300,300
swamp-wallaby,300,cleaned_marsupials_maplibre_swamp-wallaby.geojson,2023,7,Jul,10.0,36.3,300,300
swamp-wallaby,300,cleaned_marsupials_maplibre_swamp-wallaby.geojson,2023,8,Aug,11.1,41.8,300,300
swamp-wallaby,300,cleaned_marsupials_maplibre_swamp-wallaby.geojson,2023,9,Sep,13.9,24.3,300,300
swamp-wallaby,300,cleaned_marsupials_maplibre_swamp-wallaby.geojson,2023,10,Oct,14.9,72.7,300,300
swamp-wallaby,300,cleaned_marsupials_maplibre_swamp-wallaby.geojson,2023,11,Nov,17.7,109.4,300,300
swamp-wallaby,300,cleaned_marsupials_maplibre_swamp-wallaby.geojson,2023,12,Dec,20.1,118.6,300,300
swamp-wallaby,300,cleaned_marsupials_maplibre_swamp-wallaby.geojson,2024,1,Jan,21.2,111.1,300,300
swamp-wallaby,300,cleaned_marsupials_maplibre_swamp-wallaby.geojson,2024,2,Feb,21.3,54.7,300,300
swamp-wallaby,300,cleaned_marsupials_maplibre_swamp-wallaby.geojson,2024,3,Mar,19.7,35.2,300,300
swamp-wallaby,300,cleaned_marsupials_maplibre_swamp-wallaby.geojson,2024,4,Apr,15.1,115.3,300,300
swamp-wallaby,300,cleaned_marsupials_maplibre_swamp-wallaby.geojson,2024,5,May,12.5,77.7,300,300
swamp-wallaby,300,cleaned_marsupials_maplibre_swamp-wallaby.geojson,2024,6,Jun,9.3,89.5,300,300
swamp-wallaby,300,cleaned_marsupials_maplibre_swamp-wallaby.geojson,2024,7,Jul,9.1,85.2,300,300
swamp-wallaby,300,cleaned_marsupials_maplibre_swamp-wallaby.geojson,2024,8,Aug,12.2,47.9,300,300
swamp-wallaby,300,cleaned_marsupials_maplibre_swamp-wallaby.geojson,2024,9,Sep,12.8,65.6,300,300
swamp-wallaby,300,cleaned_marsupials_maplibre_swamp-wallaby.geojson,2024,10,Oct,15.1,50.2,300,300
swamp-wallaby,300,cleaned_marsupials_maplibre_swamp-wallaby.geojson,2024,11,Nov,18.9,81.0,300,300
swamp-wallaby,300,cleaned_marsupials_maplibre_swamp-wallaby.geojson,2024,12,Dec,20.6,61.9,300,300
swamp-wallaby,300,cleaned_marsupials_maplibre_swamp-wallaby.geojson,2025,1,Jan,21.2,95.2,300,300
swamp-wallaby,300,cleaned_marsupials_maplibre_swamp-wallaby.geojson,2025,2,Feb,21.3,65.0,300,300
swamp-wallaby,300,cleaned_marsupials_maplibre_swamp-wallaby.geojson,2025,3,Mar,20.4,113.0,300,300
swamp-wallaby,300,cleaned_marsupials_maplibre_swamp-wallaby.geojson,2025,4,Apr,16.9,75.0,300,300
swamp-wallaby,300,cleaned_marsupials_maplibre_swamp-wallaby.geojson,2025,5,May,13.2,103.0,300,300
swamp-wallaby,300,cleaned_marsupials_maplibre_swamp-wallaby.geojson,2025,6,Jun,9.1,62.0,300,300
swamp-wallaby,300,cleaned_marsupials_maplibre_swamp-wallaby.geojson,2025,7,Jul,9.3,110.2,300,300
swamp-wallaby,300,cleaned_marsupials_maplibre_swamp-wallaby.geojson,2025,8,Aug,10.2,112.8,300,300
swamp-wallaby,300,cleaned_marsupials_maplibre_swamp-wallaby.geojson,2025,9,Sep,12.8,52.1,300,300
swamp-wallaby,300,cleaned_marsupials_maplibre_swamp-wallaby.geojson,2025,10,Oct,15.6,54.5,300,300
swamp-wallaby,300,cleaned_marsupials_maplibre_swamp-wallaby.geojson,2025,11,Nov,16.8,88.4,300,300
swamp-wallaby,300,cleaned_marsupials_maplibre_swamp-wallaby.geojson,2025,12,Dec,18.9,53.8,300,300
swamp-wallaby,300,cleaned_marsupials_maplibre_swamp-wallaby.geojson,2026,1,Jan,21.8,72.9,300,300
swamp-wallaby,300,cleaned_marsupials_maplibre_swamp-wallaby.geojson,2026,2,Feb,21.1,72.5,300,300
swamp-wallaby,300,cleaned_marsupials_maplibre_swamp-wallaby.geojson,2026,3,Mar,19.2,93.4,300,300
swamp-wallaby,300,cleaned_marsupials_maplibre_swamp-wallaby.geojson,2026,4,Apr,15.8,29.0,300,300
swamp-wallaby,300,cleaned_marsupials_maplibre_swamp-wallaby.geojson,2026,5,May,13.9,99.3,300,300
swamp-wallaby,300,cleaned_marsupials_maplibre_swamp-wallaby.geojson,2026,6,Jun,11.5,78.1,300,300
swamp-wallaby,300,cleaned_marsupials_maplibre_swamp-wallaby.geojson,2026,7,Jul,9.8,63.7,300,300
